sourceFolder,physicalSize,fileCount,complete,missingRoles,duplicateRoles,originalPixels,matchConfidence,readyForUpload,suggestedArtworkId,suggestedSlug,suggestedTitle,matchReasons,candidateSlugs,reviewStatus,confirmedArtworkId,confirmedSlug,reviewNotes
30-40-2,30x40cm,7,false,,anglex2 exact,1322x1279,high,false,OfsmPgN5lUDWsUtL2tZqzs,rain-garden-lines,Rain Garden Lines,Sanity main image pixels,rain-garden-lines:100;green-rain-study:70;lime-blossom-field:70;magenta-cloud-garden:70;mint-field:70,,,,
30-40-3,30x40cm,5,false,original,,,review,false,,,,,green-rain-study:70;lime-blossom-field:70;magenta-cloud-garden:70;mint-field:70;nocturne-diptych:70,,,,
30-40-5,30x40cm,7,false,original,anglex2;bedroomx2,,high,false,OfsmPgN5lUDWsUtL2tZqMy,mint-field,Mint Field,catalog code;real artwork size,mint-field:190;green-rain-study:70;lime-blossom-field:70;magenta-cloud-garden:70;nocturne-diptych:70,,,,
30-40-7,30x40cm,6,true,,,1279x1736,high,true,OfsmPgN5lUDWsUtL2tZqRI,violet-moss,Violet Moss,catalog code;Sanity main image pixels;real artwork size,violet-moss:290;green-rain-study:70;lime-blossom-field:70;magenta-cloud-garden:70;mint-field:70,,,,
30-40-10,30x40cm,4,false,angle;bedroom,,1282x1688,high,false,OfsmPgN5lUDWsUtL2tZqA0,magenta-cloud-garden,Magenta Cloud Garden,Sanity main image pixels;real artwork size,magenta-cloud-garden:170;green-rain-study:70;lime-blossom-field:70;mint-field:70;nocturne-diptych:70,,,,
30-40-12,30x40cm,5,false,original;bedroom,detailx2,,high,false,OfsmPgN5lUDWsUtL2tZqIe,nocturne-diptych,Nocturne Diptych,catalog code;real artwork size,nocturne-diptych:190;green-rain-study:70;lime-blossom-field:70;magenta-cloud-garden:70;mint-field:70,,,,
40-40,40x40cm,6,true,,,1279x1319,high,true,OfsmPgN5lUDWsUtL2tZq1M,night-particles,Night Particles,catalog code;Sanity main image pixels;real artwork size,night-particles:290;aqua-city-garden:70;blue-mineral-cloud:70;blue-rain-veil:70;earth-song:70,,,,
40-40-1,40x40cm,6,true,,,1292x1284,high,true,OfsmPgN5lUDWsUtL2tZew4,purple-line-gesture,Purple Line Gesture,catalog code;Sanity main image pixels;real artwork size,purple-line-gesture:290;aqua-city-garden:70;blue-mineral-cloud:70;blue-rain-veil:70;earth-song:70,,,,
40-40-3,40x40cm,6,true,,,1349x1279,high,true,OfsmPgN5lUDWsUtL2tZrU8,striped-lotus-field,Striped Lotus Field,catalog code;Sanity main image pixels;real artwork size,striped-lotus-field:290;aqua-city-garden:70;blue-mineral-cloud:70;blue-rain-veil:70;earth-song:70,,,,
40-40-4,40x40cm,6,true,,,1302x1278,high,true,OfsmPgN5lUDWsUtL2tZrYS,indigo-bloom,Indigo Bloom,catalog code;Sanity main image pixels;real artwork size,indigo-bloom:290;aqua-city-garden:70;blue-mineral-cloud:70;blue-rain-veil:70;earth-song:70,,,,
40-40-5,40x40cm,6,true,,,1278x1314,high,true,OfsmPgN5lUDWsUtL2tZrcm,pink-rain-field,Pink Rain Field,catalog code;Sanity main image pixels;real artwork size,pink-rain-field:290;aqua-city-garden:70;blue-mineral-cloud:70;blue-rain-veil:70;earth-song:70,,,,
40-40-6,40x40cm,6,true,,,1291x1279,high,true,XK7N94x9IeMzLuOXBWSkkr,soft-signal-meadow,Soft Signal Meadow,catalog code;Sanity main image pixels;real artwork size,soft-signal-meadow:290;aqua-city-garden:70;blue-mineral-cloud:70;blue-rain-veil:70;earth-song:70,,,,
40-40-7,40x40cm,6,true,,,1312x1278,high,true,OfsmPgN5lUDWsUtL2tZenQ,sea-foam-field,Sea Foam Field,catalog code;Sanity main image pixels;real artwork size,sea-foam-field:290;aqua-city-garden:70;blue-mineral-cloud:70;blue-rain-veil:70;earth-song:70,,,,
40-40-8,40x40cm,5,false,living_room,,1276x1280,high,false,OfsmPgN5lUDWsUtL2tZerk,earth-song,Earth Song,catalog code;Sanity main image pixels;real artwork size,earth-song:290;blue-mineral-cloud:170;blue-rain-veil:170;aqua-city-garden:70;green-reflection:70,,,,
40-40-9,40x40cm,5,false,original,,,review,false,,,,,aqua-city-garden:70;blue-mineral-cloud:70;blue-rain-veil:70;earth-song:70;green-reflection:70,,,,
40-40-11,40x40cm,6,true,,,1282x1278,high,true,OfsmPgN5lUDWsUtL2tZr4C,lavender-meadow,Lavender Meadow,catalog code;Sanity main image pixels;real artwork size,lavender-meadow:290;aqua-city-garden:70;blue-mineral-cloud:70;blue-rain-veil:70;earth-song:70,,,,
40-40-13,40x40cm,6,true,,,1278x1330,high,true,OfsmPgN5lUDWsUtL2tZrCq,pale-leaves,Pale Leaves,catalog code;Sanity main image pixels;real artwork size,pale-leaves:290;aqua-city-garden:70;blue-mineral-cloud:70;blue-rain-veil:70;earth-song:70,,,,
50-150-1,50x150cm,6,true,,,3255x871,high,true,OfsmPgN5lUDWsUtL2tZqeG,river-stripe-study,River Stripe Study,catalog code;Sanity main image pixels;real artwork size,river-stripe-study:290;green-river-horizon:70;quiet-green-panel:70,,,,
50-150-2,50x150cm,6,true,,,3322x833,high,true,OfsmPgN5lUDWsUtL2tZoHI,quiet-green-panel,Quiet Green Panel,catalog code;Sanity main image pixels;real artwork size,quiet-green-panel:290;green-river-horizon:70;river-stripe-study:70,,,,
50-150-3,50x150cm,6,true,,,3287x858,high,true,OfsmPgN5lUDWsUtL2tZfHg,green-river-horizon,Green River Horizon,catalog code;Sanity main image pixels;real artwork size,green-river-horizon:290;quiet-green-panel:70;river-stripe-study:70,,,,
70-80-1,70x80cm,6,true,,,3281x2892,high,true,OfsmPgN5lUDWsUtL2tZp7A,rose-hat-figure,Rose Hat Figure,catalog code;Sanity main image pixels;real artwork size,rose-hat-figure:290;bright-fuchsia-dress:70;fuchsia-silhouette:70;hill-garden-afternoon:70;rose-profile:70,,,,
70-80-2,70x80cm,6,true,,,2466x2208,high,true,OfsmPgN5lUDWsUtL2tZpK8,hill-garden-afternoon,Hill Garden Afternoon,catalog code;Sanity main image pixels;real artwork size,hill-garden-afternoon:290;bright-fuchsia-dress:70;fuchsia-silhouette:70;rose-hat-figure:70;rose-profile:70,,,,
70-80-3,70x80cm,6,true,,,3366x2982,high,true,OfsmPgN5lUDWsUtL2tZpOS,rose-profile,Rose Profile,catalog code;Sanity main image pixels;real artwork size,rose-profile:290;bright-fuchsia-dress:70;fuchsia-silhouette:70;hill-garden-afternoon:70;rose-hat-figure:70,,,,
70-80-8,70x80cm,6,true,,,3275x2970,high,true,OfsmPgN5lUDWsUtL2tZocu,rose-wing-profile,Rose Wing Profile,catalog code;Sanity main image pixels;real artwork size,rose-wing-profile:290;bright-fuchsia-dress:70;fuchsia-silhouette:70;hill-garden-afternoon:70;rose-hat-figure:70,,,,
70-80-9,70x80cm,6,true,,,3292x2904,high,true,OfsmPgN5lUDWsUtL2tZops,bright-fuchsia-dress,Bright Fuchsia Dress,catalog code;Sanity main image pixels;real artwork size,bright-fuchsia-dress:290;fuchsia-silhouette:70;hill-garden-afternoon:70;rose-hat-figure:70;rose-profile:70,,,,
80-80,80x80cm,6,true,,,1276x1286,high,true,OfsmPgN5lUDWsUtL2tZoPw,rose-garden-signals,Rose Garden Signals,catalog code;Sanity main image pixels;real artwork size,rose-garden-signals:290;afternoon:70;afternoon2:70;electric-pink-meadow:70;garden-house:70,,,,
80-80-1,80x80cm,6,true,,,1290x1278,high,true,OfsmPgN5lUDWsUtL2tZrLU,violet-garden-mist,Violet Garden Mist,catalog code;Sanity main image pixels;real artwork size,violet-garden-mist:290;afternoon:70;afternoon2:70;electric-pink-meadow:70;garden-house:70,,,,
80-80-2,80x80cm,6,true,,,1294x1278,high,true,OfsmPgN5lUDWsUtL2tZrPo,electric-pink-meadow,Electric Pink Meadow,catalog code;Sanity main image pixels;real artwork size,electric-pink-meadow:290;afternoon:70;afternoon2:70;garden-house:70;green-canopy-afternoon:70,,,,
80-80-3,80x80cm,6,true,,,1304x1276,high,true,OfsmPgN5lUDWsUtL2tZqrE,pastel-signal-field,Pastel Signal Field,catalog code;Sanity main image pixels;real artwork size,pastel-signal-field:290;afternoon:70;afternoon2:70;electric-pink-meadow:70;garden-house:70,,,,
80-120-1,80x120cm,6,true,,,1865x2785,high,true,OfsmPgN5lUDWsUtL2tZoCy,garden-keeper,Garden Keeper,catalog code;Sanity main image pixels;real artwork size,garden-keeper:290;blue-crossing:70;blue-violet-texture:70;candy-field:70;crimson-slipper-fragment:70,,,,
80-120-2,80x120cm,6,true,,,1889x2922,high,true,OfsmPgN5lUDWsUtL2tZoYa,pink-dress-study,Pink Dress Study,catalog code;Sanity main image pixels;real artwork size,pink-dress-study:290;blue-crossing:70;blue-violet-texture:70;candy-field:70;crimson-slipper-fragment:70,,,,
80-120-3,80x120cm,6,true,,,1642x2761,high,true,OfsmPgN5lUDWsUtL2tZpBU,garden-crown,Garden Crown,catalog code;Sanity main image pixels;real artwork size,garden-crown:290;blue-crossing:70;blue-violet-texture:70;candy-field:70;crimson-slipper-fragment:70,,,,
80-120-4,80x120cm,6,true,,,1809x2906,high,true,OfsmPgN5lUDWsUtL2tZpsi,weathered-passage,Weathered Passage,catalog code;Sanity main image pixels;real artwork size,weathered-passage:290;blue-crossing:70;blue-violet-texture:70;candy-field:70;crimson-slipper-fragment:70,,,,
80-120-5,80x120cm,6,true,,,1080x1920,high,true,OfsmPgN5lUDWsUtL2tZf92,blue-violet-texture,Blue Violet Texture,catalog code;Sanity main image pixels;real artwork size,blue-violet-texture:290;blue-crossing:70;candy-field:70;crimson-slipper-fragment:70;crimson-slipper-no-2:70,,,,
80-120-6,80x120cm,6,true,,,1282x2120,high,true,OfsmPgN5lUDWsUtL2tZfM0,light-rail-geometry,Light Rail Geometry,catalog code;Sanity main image pixels;real artwork size,light-rail-geometry:290;blue-crossing:70;blue-violet-texture:70;candy-field:70;crimson-slipper-fragment:70,,,,
80-120-7,80x120cm,6,true,,,1977x2997,high,true,OfsmPgN5lUDWsUtL2tZoUG,crimson-slipper-fragment,Crimson Slipper Fragment,catalog code;Sanity main image pixels;real artwork size,crimson-slipper-fragment:290;blue-crossing:70;blue-violet-texture:70;candy-field:70;crimson-slipper-no-2:70,,,,
80-120-8,80x120cm,6,true,,,1961x2969,high,true,OfsmPgN5lUDWsUtL2tZpSm,floating-glass-notes,Floating Glass Notes,catalog code;Sanity main image pixels;real artwork size,floating-glass-notes:290;blue-crossing:70;blue-violet-texture:70;candy-field:70;crimson-slipper-fragment:70,,,,
80-120-9,80x120cm,6,true,,,1764x2771,high,true,OfsmPgN5lUDWsUtL2tZohE,crimson-slipper-no-2,Crimson Slipper No. 2,catalog code;Sanity main image pixels;real artwork size,crimson-slipper-no-2:290;blue-crossing:70;blue-violet-texture:70;candy-field:70;crimson-slipper-fragment:70,,,,
80-120-10,80x120cm,6,true,,,1433x2289,high,true,XK7N94x9IeMzLuOXBWSeJm,red-figure-in-stone,Red Figure in Stone,catalog code;Sanity main image pixels;real artwork size,red-figure-in-stone:290;blue-crossing:70;blue-violet-texture:70;candy-field:70;crimson-slipper-fragment:70,,,,
80-120-11,80x120cm,6,true,,,1969x2473,high,true,OfsmPgN5lUDWsUtL2tZpoO,blue-crossing,Blue Crossing,catalog code;Sanity main image pixels;real artwork size,blue-crossing:290;blue-violet-texture:70;candy-field:70;crimson-slipper-fragment:70;crimson-slipper-no-2:70,,,,
80-120-12,80x120cm,6,true,,,2074x2545,high,true,OfsmPgN5lUDWsUtL2tZpbQ,paper-boat-garden,Paper Boat Garden,catalog code;Sanity main image pixels;real artwork size,paper-boat-garden:290;blue-crossing:70;blue-violet-texture:70;candy-field:70;crimson-slipper-fragment:70,,,,
80-120-13,80x120cm,6,true,,,1890x2344,high,true,OfsmPgN5lUDWsUtL2tZpfk,ribbon-boat,Ribbon Boat,catalog code;Sanity main image pixels;real artwork size,ribbon-boat:290;blue-crossing:70;blue-violet-texture:70;candy-field:70;crimson-slipper-fragment:70,,,,
80-120-14,80x120cm,6,true,,,1993x2433,high,true,OfsmPgN5lUDWsUtL2tZpk4,white-boat-on-grey,White Boat on Grey,catalog code;Sanity main image pixels;real artwork size,white-boat-on-grey:290;blue-crossing:70;blue-violet-texture:70;candy-field:70;crimson-slipper-fragment:70,,,,
80-120-15,80x120cm,6,true,,,2145x2594,high,true,OfsmPgN5lUDWsUtL2tZouC,paper-boat-memory,Paper Boat Memory,catalog code;Sanity main image pixels;real artwork size,paper-boat-memory:290;blue-crossing:70;blue-violet-texture:70;candy-field:70;crimson-slipper-fragment:70,,,,
80-120-16,80x120cm,6,true,,,1825x2298,high,true,OfsmPgN5lUDWsUtL2tZoyW,quiet-vase-and-birds,Quiet Vase and Birds,catalog code;Sanity main image pixels;real artwork size,quiet-vase-and-birds:290;blue-crossing:70;blue-violet-texture:70;candy-field:70;crimson-slipper-fragment:70,,,,
400-400-12,400x400cm,6,true,,,1284x1280,high,false,OfsmPgN5lUDWsUtL2tZqvY,pink-garden-rhythm,Pink Garden Rhythm,Sanity main image pixels,pink-garden-rhythm:100,,,,
